Feature ID	Taxon	Confidence
fd44d4cb468fd7dc9b3227867714ed87	d__Bacteria;p__Bacteroidota;c__Bacteroidia;o__Bacteroidales;f__Bacteroidaceae;g__Bacteroides;s__	0.9999998994713388
99deb3c5ecb022ec05609ebd1112a557	d__Bacteria;p__Bacteroidota;c__Bacteroidia;o__Bacteroidales;f__Bacteroidaceae;g__Bacteroides;s__	0.9999999129787833
f5f5e0da89730462abaf6301a9557193	d__Bacteria;p__Firmicutes;c__Clostridia;o__Oscillospirales;f__Ruminococcaceae;g__Faecalibacterium;s__	0.9968484155296395
332a6411ff00b4010ac2397f504c4695	d__Bacteria;p__Bacteroidota;c__Bacteroidia;o__Bacteroidales;f__Rikenellaceae;g__Alistipes;s__	0.9999999966667588
6616dc3bd6aeb3e26b9b2218290ea574	d__Bacteria;p__Bacteroidota;c__Bacteroidia;o__Bacteroidales;f__Bacteroidaceae;g__Bacteroides;s__	0.9999998908617218
d900eb33f6b4bc449aab64df16ae18b2	d__Bacteria;p__Bacteroidota;c__Bacteroidia;o__Bacteroidales;f__Bacteroidaceae;g__Bacteroides;s__	0.9999994287150782
5669f9055e393154386d3ad1196d3f03	d__Bacteria;p__Bacteroidota;c__Bacteroidia;o__Bacteroidales;f__Rikenellaceae;g__Alistipes;s__	0.9999999927833301
b15193fce14759d1c06728933e044af6	d__Bacteria;p__Bacteroidota;c__Bacteroidia;o__Bacteroidales;f__Bacteroidaceae;g__Bacteroides;s__	0.9999998832803026
47c305878bfc73bfeda34b2ae1a82ee1	d__Bacteria;p__Bacteroidota;c__Bacteroidia;o__Bacteroidales;f__Bacteroidaceae;g__Bacteroides;s__	0.9999975910580499
1b8dec58597978264025b9eba656ffb5	d__Bacteria;p__Bacteroidota;c__Bacteroidia;o__Bacteroidales;f__Bacteroidaceae;g__Bacteroides;s__	0.9999998895543943
263e41ea2c25dc87bd2ff5910cf30d40	d__Bacteria;p__Firmicutes;c__Clostridia;o__Lachnospirales;f__Lachnospiraceae;g__Agathobacter;s__	0.9406639227849175
8e175abe6a746b8f33bae9cd7c8192bb	d__Bacteria;p__Firmicutes;c__Clostridia;o__Oscillospirales;f__Ruminococcaceae;g__Faecalibacterium;s__	0.998866963122413
76b39e86c95e0c7dd8b9c57b974f6532	d__Bacteria;p__Bacteroidota;c__Bacteroidia;o__Bacteroidales;f__Bacteroidaceae;g__Bacteroides;s__	0.9999999395015653
1569f7ae988e26c905ab8fab427c8a0d	d__Bacteria;p__Firmicutes;c__Negativicutes;o__Acidaminococcales;f__Acidaminococcaceae;g__Phascolarctobacterium;s__	0.9999909178687745
59777186ad2e0947e97615b5d6225136	d__Bacteria;p__Firmicutes;c__Clostridia;o__Oscillospirales;f__Ruminococcaceae;g__Faecalibacterium;s__	0.9980642804927803
19715b1593c19aa6d35a4d1e3cd09374	d__Bacteria;p__Firmicutes;c__Clostridia;o__Lachnospirales;f__Lachnospiraceae;g__Lachnospiraceae_UCG-004;s__	0.8730982957139772
e865f29a716e8d51f83931befa951240	d__Bacteria;p__Firmicutes;c__Bacilli;o__Erysipelotrichales;f__Erysipelatoclostridiaceae;g__Erysipelotrichaceae_UCG-003;s__	0.9999804100620612
33518e48b174ac428cb7be1a216c6c6e	d__Bacteria;p__Firmicutes;c__Clostridia;o__Lachnospirales;f__Lachnospiraceae;g__Anaerostipes;s__	0.999974876015319
35ffcc3b809d667286737d79670b8de5	d__Bacteria;p__Actinobacteriota;c__Actinobacteria;o__Bifidobacteriales;f__Bifidobacteriaceae;g__Bifidobacterium;s__	0.9999999909594663
5f25904e073fe5c114cadfde74349518	d__Bacteria;p__Firmicutes;c__Clostridia;o__Lachnospirales;f__Lachnospiraceae;g__Lachnospiraceae_UCG-004;s__	0.8014678089820713
5fbc483f79cd97d3a7253931f37c33e8	d__Bacteria;p__Firmicutes;c__Clostridia;o__Oscillospirales;f__Oscillospiraceae;g__Flavonifractor;s__	0.9975979980847383
b2062ae94fb00a931014b67b499295a8	d__Bacteria;p__Bacteroidota;c__Bacteroidia;o__Bacteroidales;f__Bacteroidaceae;g__Bacteroides;s__	0.999999904423409
d76d59ec71de0e3b22da0c9cd564d41a	d__Bacteria;p__Firmicutes;c__Clostridia;o__Lachnospirales;f__Lachnospiraceae;g__Fusicatenibacter;s__	0.9957889761551073
bf611493002f5918a68778bde2def567	d__Bacteria;p__Bacteroidota;c__Bacteroidia;o__Bacteroidales;f__Bacteroidaceae;g__Bacteroides;s__	0.9999999392168083
a383bbf0dc0a9f5c17cf3303b55af028	d__Bacteria;p__Firmicutes;c__Clostridia;o__Oscillospirales;f__Ruminococcaceae;g__Faecalibacterium;s__	0.995775462710516
c3726591d58a1266fa84775969018cd7	d__Bacteria;p__Firmicutes;c__Clostridia;o__Oscillospirales;f__Ruminococcaceae;g__Faecalibacterium;s__	0.9971384670313357
1ab75f81f06d896defe1a2a976e99bcd	d__Bacteria;p__Bacteroidota;c__Bacteroidia;o__Bacteroidales;f__Bacteroidaceae;g__Bacteroides;s__	0.9999995984235663
22c159771ea409e7a5cf617dae2ec8f0	d__Bacteria;p__Firmicutes;c__Clostridia;o__Clostridia_UCG-014;f__Clostridia_UCG-014;g__Clostridia_UCG-014;s__	0.9999937125694047
394eda29c886632f514dd94b58381186	d__Bacteria;p__Proteobacteria;c__Gammaproteobacteria;o__Enterobacterales;f__Pasteurellaceae;g__Conservatibacter;s__	0.9811434739933841
8001826dafd338cf078dd28c2eae05ed	d__Bacteria;p__Bacteroidota;c__Bacteroidia;o__Bacteroidales;f__Bacteroidaceae;g__Bacteroides;s__	0.9999998061114513
9d5054752ed33d6a22bd0f96b5618b1c	d__Bacteria;p__Bacteroidota;c__Bacteroidia;o__Bacteroidales;f__Bacteroidaceae;g__Bacteroides;s__	0.9999998596574883
c6c3ab4e828fb40d6e05967b7aac9338	d__Bacteria;p__Firmicutes;c__Clostridia;o__Lachnospirales;f__Lachnospiraceae;g__Blautia;s__	0.9947514814953986
315ca0a729f126b941ba111a16d4d97a	d__Bacteria;p__Actinobacteriota;c__Actinobacteria;o__Bifidobacteriales;f__Bifidobacteriaceae;g__Bifidobacterium;s__	0.999999904702965
df14354ec277348c54d0c9dd49eb4da0	d__Bacteria;p__Firmicutes;c__Clostridia;o__Oscillospirales;f__Ruminococcaceae;g__[Eubacterium]_siraeum_group;s__	0.9997229723147306
836cd5ea357ad392c00a7e48d921be1d	d__Bacteria;p__Bacteroidota;c__Bacteroidia;o__Bacteroidales;f__Bacteroidaceae;g__Bacteroides;s__	0.9999999880135705
d8e7f9181e4d5a4a6453e9ca9996a43f	d__Bacteria;p__Bacteroidota;c__Bacteroidia;o__Bacteroidales;f__Tannerellaceae;g__Parabacteroides;s__	0.9983793407706971
601101d33cdf43a40bd674a50711af52	d__Bacteria;p__Firmicutes;c__Clostridia;o__Lachnospirales;f__Lachnospiraceae;g__Roseburia;s__	0.7248397918601943
21401b105dc53b367b8fdc0ec97a9f02	d__Bacteria;p__Proteobacteria;c__Gammaproteobacteria;o__Burkholderiales;f__Sutterellaceae;g__Sutterella;s__	0.9999994665136713
a730ef0685ea600be854be1842a6b362	d__Bacteria;p__Bacteroidota;c__Bacteroidia;o__Bacteroidales;f__Marinifilaceae;g__Odoribacter;s__	0.999999495938666
5c4563e3dd7e12dcdf279783af929eaa	d__Bacteria;p__Firmicutes;c__Clostridia;o__Lachnospirales;f__Lachnospiraceae;g__Agathobacter;s__	0.8745610451467821
5edd946e0a26ae1c85ed8c498c328387	d__Bacteria;p__Firmicutes;c__Clostridia;o__Oscillospirales;f__Ruminococcaceae;g__Faecalibacterium;s__	0.997451071523121
8135beec331a8d558070c38b580e4b8e	d__Bacteria;p__Firmicutes;c__Clostridia;o__Oscillospirales;f__Ruminococcaceae;g__Ruminococcus;s__	0.8620537390994372
69a11f927915e2a3ba1f7b9c84486527	d__Bacteria;p__Proteobacteria;c__Gammaproteobacteria;o__Burkholderiales;f__Sutterellaceae;g__Parasutterella;s__	0.9999999503746876
333bbf9224442fc10cd497377d2b1d01	d__Bacteria;p__Bacteroidota;c__Bacteroidia;o__Bacteroidales;f__Bacteroidaceae;g__Bacteroides;s__	0.9999999142051231
6bbff26a22040581ff0e24f9b5b40830	d__Bacteria;p__Firmicutes;c__Negativicutes;o__Acidaminococcales;f__Acidaminococcaceae;g__Acidaminococcus;s__	0.9692800263913132
36d9ad396b85196c9b4cf68b81789585	d__Bacteria;p__Firmicutes;c__Clostridia;o__Lachnospirales;f__Lachnospiraceae;g__Lachnospira;s__	0.9978866825825843
742e1f191223f58590661de80b9d6e3b	d__Bacteria;p__Bacteroidota;c__Bacteroidia;o__Bacteroidales;f__Rikenellaceae;g__Alistipes;s__	0.9999999933095154
9282e20164736c7ada9bd98d04654b5e	d__Bacteria;p__Proteobacteria;c__Gammaproteobacteria;o__Burkholderiales;f__Sutterellaceae;g__Sutterella;s__	0.9998395874494528
0a68ec564e278b0246c920ad7de41880	d__Bacteria;p__Firmicutes;c__Clostridia;o__Lachnospirales;f__Lachnospiraceae;g__Blautia;s__	0.9617437210363111
c97ea25ba069877eac769cb05968724c	d__Bacteria;p__Firmicutes;c__Clostridia;o__Clostridia_UCG-014;f__Clostridia_UCG-014;g__Clostridia_UCG-014;s__	0.9999988050438765
c24e0e391aa836b5eae25567c7eb89ee	d__Bacteria;p__Firmicutes;c__Clostridia;o__Lachnospirales;f__Lachnospiraceae;g__[Ruminococcus]_gnavus_group;s__	0.9927068583310378
3b010dbd9eae72a79f11af5d24eb3ca3	d__Bacteria;p__Verrucomicrobiota;c__Verrucomicrobiae;o__Verrucomicrobiales;f__Akkermansiaceae;g__Akkermansia;s__	0.9999999998453006
d46e2205f0c6ecf67b51f83d111c509c	d__Bacteria;p__Proteobacteria;c__Gammaproteobacteria;o__Enterobacterales;f__Enterobacteriaceae;g__Escherichia-Shigella;s__	0.9997725927460492
c48070f3061b086b60ff32f77e0002fa	d__Bacteria;p__Firmicutes;c__Clostridia;o__Oscillospirales;f__Ruminococcaceae;g__Subdoligranulum;s__	0.9877398939589094
72ec78ecd4c30c1ddc64900630f35387	d__Bacteria;p__Firmicutes;c__Clostridia;o__Lachnospirales;f__Lachnospiraceae;g__Lachnospira;s__	0.9898098366553886
ad83d626f16b30d5ca2cb0af4c628a63	d__Bacteria;p__Firmicutes;c__Clostridia;o__Lachnospirales;f__Lachnospiraceae;g__Lachnospiraceae_UCG-004;s__	0.8454204447230391
07fd92a29ce27a31f4d95c6821595530	d__Bacteria;p__Firmicutes;c__Clostridia;o__Lachnospirales;f__Lachnospiraceae	0.999226611134494
d9eea834805833ac21a86fdabedd8556	d__Bacteria;p__Firmicutes;c__Clostridia;o__Oscillospirales;f__Ruminococcaceae;g__Ruminococcus;s__	0.9968027363095741
6851a4ee264b56be2fff4686ce269907	d__Bacteria;p__Firmicutes;c__Clostridia;o__Lachnospirales;f__Lachnospiraceae;g__[Eubacterium]_hallii_group;s__	0.999983539804161
9639a3291729a3758207b47715d9205f	d__Bacteria;p__Firmicutes;c__Clostridia;o__Oscillospirales;f__Ruminococcaceae;g__Subdoligranulum;s__	0.9991616846819299
506efac48dc5d5be2c0122c381639a3f	d__Bacteria;p__Bacteroidota;c__Bacteroidia;o__Bacteroidales;f__Rikenellaceae;g__Alistipes;s__	0.9999999905870851
04a1d49deae22b4e6914d7a227cbaf9a	d__Bacteria;p__Bacteroidota;c__Bacteroidia;o__Bacteroidales;f__Bacteroidaceae;g__Bacteroides;s__	0.9999998937422191
6ec1023583647a401269990c4e8ad716	d__Bacteria;p__Firmicutes;c__Clostridia;o__Lachnospirales;f__Lachnospiraceae;g__Lachnospira;s__	0.9989075138735413
9db6065dfa5f306778c1a370f3267d73	d__Bacteria;p__Bacteroidota;c__Bacteroidia;o__Bacteroidales;f__Bacteroidaceae;g__Bacteroides;s__	0.9999990433785398
c66ec67719e54d2cb0afc3154b3c23af	d__Bacteria;p__Firmicutes;c__Clostridia;o__Christensenellales;f__Christensenellaceae;g__Christensenellaceae_R-7_group;s__	0.9997772948644972
fea7f04af92d6da8eef36144b3589ad9	d__Bacteria;p__Bacteroidota;c__Bacteroidia;o__Bacteroidales;f__Tannerellaceae;g__Parabacteroides;s__	0.9546375159173784
c0044f57ec04cd70905d690c5b7bd147	d__Bacteria;p__Firmicutes;c__Clostridia;o__Lachnospirales;f__Lachnospiraceae;g__Coprococcus;s__	0.9785384483163903
d380b9ae91e3875a70ff329e4889cb72	d__Bacteria;p__Firmicutes;c__Clostridia;o__Lachnospirales;f__Lachnospiraceae;g__Anaerostipes;s__	0.9999529062250784
383d4a0528edd18fb0ddc225c36e99e1	d__Bacteria;p__Firmicutes;c__Clostridia;o__Lachnospirales;f__Lachnospiraceae;g__Lachnospiraceae_UCG-004;s__	0.833240706510862
818434292143daca42a3168f3728da82	d__Bacteria;p__Firmicutes;c__Negativicutes;o__Veillonellales-Selenomonadales;f__Veillonellaceae;g__Dialister;s__	0.9999982613789109
2e4f2b53b856c4def6d021d01f5abb70	d__Bacteria;p__Firmicutes;c__Clostridia;o__Lachnospirales;f__Lachnospiraceae;g__Dorea;s__	0.9715812640529868
77c2dc197e6b3dbebc4ee240c6a1c559	d__Bacteria;p__Firmicutes;c__Clostridia;o__Oscillospirales;f__Oscillospiraceae;g__Oscillibacter;s__	0.9876867163500631
31774b2ab198d7b5abc9f0d6e8a5ffc2	d__Bacteria;p__Desulfobacterota;c__Desulfovibrionia;o__Desulfovibrionales;f__Desulfovibrionaceae;g__Bilophila;s__	0.9998556122076051
8795c5a86013864dc11f24b89e8cdd8c	d__Bacteria;p__Bacteroidota;c__Bacteroidia;o__Bacteroidales;f__Rikenellaceae;g__Alistipes;s__	0.9999999934457264
bed671b4676144142cebd192b690f499	d__Bacteria;p__Firmicutes;c__Clostridia;o__Lachnospirales;f__Lachnospiraceae;g__Blautia;s__	0.969683674638737
1a9df3fbbc7fc8cecec4239cf801d2fc	d__Bacteria;p__Firmicutes;c__Clostridia;o__Monoglobales;f__Monoglobaceae;g__Monoglobus;s__	0.9994602246829533
fcffedae608fe4871be42936a1cb523a	d__Bacteria;p__Firmicutes;c__Clostridia;o__Lachnospirales;f__Lachnospiraceae	0.9998872082506326
b7e5e417da183df1d5cb33a51a10991d	d__Bacteria;p__Bacteroidota;c__Bacteroidia;o__Bacteroidales;f__Bacteroidaceae;g__Bacteroides;s__	0.9999999333203271
243a590b7a6c17e5a16dff4bc7033ac1	d__Bacteria;p__Bacteroidota;c__Bacteroidia;o__Bacteroidales;f__Bacteroidaceae;g__Bacteroides;s__	0.9999992048838101
5d08d1eb4b8a0672652dd0fc0af2dcf0	d__Bacteria;p__Firmicutes;c__Clostridia;o__Oscillospirales;f__Oscillospiraceae;g__UCG-003;s__	0.9975636066773457
da8644094f1d480f3b3a6a03a7027ab4	d__Bacteria;p__Firmicutes;c__Clostridia;o__Lachnospirales;f__Lachnospiraceae;g__Hungatella;s__	0.9158251936470451
c26af4c22f01bb994a68df0c15a529a3	d__Bacteria;p__Firmicutes;c__Clostridia;o__Oscillospirales;f__Oscillospiraceae	0.9986531406649908
0243b68c76049aa1b8c51a20333da950	d__Bacteria;p__Firmicutes;c__Clostridia;o__Lachnospirales;f__Lachnospiraceae;g__Lachnospiraceae_ND3007_group;s__	0.999937195267311
d0833ce681acbdd482a03911d447756d	d__Bacteria;p__Firmicutes;c__Clostridia;o__Oscillospirales;f__Oscillospiraceae;g__UCG-003;s__	0.9781575881737932
756e9c33696716a5484135c832f18f12	d__Bacteria;p__Firmicutes;c__Clostridia;o__Oscillospirales;f__Ruminococcaceae;g__Incertae_Sedis;s__	0.9959075247899597
a63f65ad0f7a1ffc9e5ea828e95cdd6b	d__Bacteria;p__Firmicutes;c__Clostridia;o__Lachnospirales;f__Lachnospiraceae;g__Blautia;s__	0.90801625283004
9e3226efaf559eb14a478f880462cb8a	d__Bacteria;p__Firmicutes;c__Clostridia;o__Lachnospirales;f__Lachnospiraceae;g__[Ruminococcus]_torques_group;s__	0.8760415670505945
9192b3275c36e56540678451adfa601f	d__Bacteria;p__Firmicutes;c__Clostridia;o__Oscillospirales;f__Oscillospiraceae;g__UCG-002;s__	0.9991926317947186
4e2e6735331ad01a30c94d2f4c285dc2	d__Bacteria;p__Firmicutes;c__Clostridia;o__Lachnospirales;f__Lachnospiraceae;g__CAG-56;s__	0.9295515064330431
a18c0c17fce3d52dc60506e8730bc996	d__Bacteria;p__Firmicutes;c__Clostridia;o__Oscillospirales;f__Butyricicoccaceae;g__Butyricicoccus;s__	0.9999289679373938
b4a575637d39805111032843f13039fe	d__Bacteria;p__Bacteroidota;c__Bacteroidia;o__Bacteroidales;f__Barnesiellaceae;g__Barnesiella;s__	0.9999736857215359
b1d7800680b5ac024997052b405b2b5e	d__Bacteria;p__Firmicutes;c__Clostridia;o__Oscillospirales;f__Ruminococcaceae;g__Faecalibacterium;s__	0.9964813997628463
119eea33cb9f505d6a20297d132e792a	d__Bacteria;p__Firmicutes;c__Clostridia;o__Lachnospirales;f__Lachnospiraceae	0.9999270011008314
ec6732c2e0d4cf64b3d0350e7fe3defb	d__Bacteria;p__Firmicutes;c__Clostridia;o__Lachnospirales;f__Lachnospiraceae	0.999989486797662
61535a40adb8221483821e3984d0b1ac	d__Bacteria;p__Firmicutes;c__Clostridia;o__Lachnospirales;f__Lachnospiraceae	0.9999662898712435
3219af75ee8056ed06ba81e873b0d0cb	d__Bacteria;p__Firmicutes;c__Clostridia;o__Oscillospirales;f__Oscillospiraceae;g__UCG-002;s__	0.9978449834599199
caea322863a57bb2b14c7317fa120dc4	d__Bacteria;p__Firmicutes;c__Clostridia;o__Lachnospirales;f__Lachnospiraceae	0.9998792468001892
2c0c62ea09b2efe01bacdcbcf558d2b8	d__Bacteria;p__Firmicutes;c__Clostridia;o__Lachnospirales;f__Lachnospiraceae;g__Lachnoclostridium;s__	0.9646873262644592
e335f74033bc634af43ee6baa84fa247	d__Bacteria;p__Firmicutes;c__Clostridia;o__Peptostreptococcales-Tissierellales;f__Peptostreptococcaceae;g__Romboutsia;s__	0.9996883940555582
b1f0b65b560701f74c4f43db4234d6c9	d__Bacteria;p__Firmicutes;c__Clostridia;o__Oscillospirales;f__[Eubacterium]_coprostanoligenes_group;g__[Eubacterium]_coprostanoligenes_group;s__	0.9986361777394372
6420671c26eef32065e0275c8cd6701e	d__Bacteria;p__Firmicutes;c__Clostridia;o__Peptostreptococcales-Tissierellales;f__Peptostreptococcaceae;g__Intestinibacter;s__	0.9982887204572799
c939ee112ba982665e012437dae05c1e	d__Bacteria;p__Proteobacteria;c__Gammaproteobacteria;o__Enterobacterales;f__Enterobacteriaceae	0.9998252401341011
bd5ef8f372e09bcf6ec35825be4f053c	d__Bacteria;p__Firmicutes;c__Clostridia;o__Lachnospirales;f__Lachnospiraceae;g__Coprococcus;s__	0.9349529781737972
db7f42d2a4ded289e177bb4c00edff61	d__Bacteria;p__Firmicutes;c__Clostridia;o__Lachnospirales;f__Lachnospiraceae;g__Lachnospiraceae_NK4A136_group;s__	0.8279480287923259
7af6fc12809fdafab918881f836460f8	d__Bacteria;p__Firmicutes;c__Clostridia;o__Lachnospirales;f__Lachnospiraceae	0.9997348731025762
fd496fd32dc8c08ade2e8b6c9d8ee13d	d__Bacteria;p__Firmicutes;c__Bacilli;o__Lactobacillales;f__Streptococcaceae;g__Streptococcus;s__	0.9999974501713887
396ffa76286336a3eeb1ea420e60f86b	d__Bacteria;p__Firmicutes;c__Clostridia;o__Lachnospirales;f__Lachnospiraceae	0.9962143251126687
973ca62579b1246f54829278d51475ea	d__Bacteria;p__Firmicutes;c__Clostridia;o__Lachnospirales;f__Lachnospiraceae;g__[Eubacterium]_xylanophilum_group;s__	0.9732670053782041
c6b90711837508687841b1d5cbff2f65	d__Bacteria;p__Firmicutes;c__Clostridia;o__Lachnospirales;f__Lachnospiraceae	0.9998405971138369
00a96fbd0ac34bfd245f9c24f8737f7d	d__Bacteria;p__Firmicutes;c__Clostridia;o__Lachnospirales;f__Lachnospiraceae;g__Blautia;s__	0.9656735672114543
e4ef1c7b616eb842c0ff7a327e83bd76	d__Bacteria;p__Bacteroidota;c__Bacteroidia;o__Bacteroidales;f__Tannerellaceae	0.9999211048189294
605cc047d6200f294e043f8ce6cb5af7	d__Bacteria;p__Bacteroidota;c__Bacteroidia;o__Bacteroidales;f__Barnesiellaceae;g__Coprobacter;s__	0.9999937900850969
35cbb315e019e0a8768d4b73862df415	d__Bacteria;p__Actinobacteriota;c__Coriobacteriia;o__Coriobacteriales;f__Coriobacteriaceae;g__Collinsella;s__	0.9999998086599403
86ff0efd7fd88b82809500c90c4a7832	d__Bacteria;p__Firmicutes;c__Clostridia;o__Oscillospirales;f__Ruminococcaceae;g__Faecalibacterium;s__	0.9981020311019568
c67445ed68d61f49e41b7bdd1de019fb	d__Bacteria;p__Firmicutes;c__Clostridia;o__Lachnospirales;f__Lachnospiraceae;g__Lachnoclostridium;s__	0.8559159096563345
55e8fd9e2a3868ef69575fcb459fc7c5	d__Bacteria;p__Firmicutes;c__Clostridia;o__Lachnospirales;f__Lachnospiraceae	0.9994660143710248
03d3ac3054e2b917d255d302a369c246	d__Bacteria;p__Desulfobacterota;c__Desulfovibrionia;o__Desulfovibrionales;f__Desulfovibrionaceae;g__Bilophila;s__	0.9996938393205277
782a79a0725adc6ac22fc1fd15933a12	d__Bacteria;p__Firmicutes;c__Bacilli;o__Erysipelotrichales;f__Erysipelotrichaceae;g__Holdemanella;s__	0.9999999965788504
08bd43071a06abf56df235fca6655bea	d__Bacteria;p__Firmicutes;c__Clostridia;o__Lachnospirales;f__Lachnospiraceae;g__[Ruminococcus]_torques_group;s__	0.946378295529222
a5a4b4d58bdd795871acf39629c9e584	d__Bacteria;p__Firmicutes;c__Clostridia;o__Lachnospirales;f__Lachnospiraceae	0.9987096673426501
67e8859e108281ee7971084bfa759522	d__Bacteria;p__Firmicutes;c__Clostridia;o__Lachnospirales;f__Lachnospiraceae;g__Lachnoclostridium;s__	0.7182932629246197
68d79c3035521e82b504b081a197d2ed	d__Bacteria;p__Firmicutes;c__Clostridia;o__Oscillospirales;f__Oscillospiraceae;g__UCG-002;s__	0.9992389038005579
d56fd4c21346f6d694c7e638f6bdcb70	d__Bacteria;p__Firmicutes;c__Clostridia;o__Oscillospirales;f__Ruminococcaceae	0.83090113962132
a2febcde87aa1737293fd7279e22bccc	d__Bacteria;p__Firmicutes;c__Clostridia;o__Lachnospirales;f__Lachnospiraceae;g__Anaerostipes;s__	0.9985101605566467
b1e846065150e72ecc22d5779a5ba38e	d__Bacteria;p__Firmicutes;c__Clostridia;o__Lachnospirales;f__Lachnospiraceae;g__[Ruminococcus]_gnavus_group;s__	0.9938182658000776
b4d07c2a22af0c99c73cf9722200d878	d__Bacteria;p__Firmicutes;c__Clostridia;o__Lachnospirales;f__Lachnospiraceae;g__Lachnospiraceae_NK4A136_group;s__	0.8337845694248298
a891fb44241e433fa8acf251ef4d328f	d__Bacteria;p__Firmicutes;c__Clostridia;o__Lachnospirales;f__Lachnospiraceae	0.9999314578822793
b0fd6df28ebb1bd270370e2adf5b70e7	d__Bacteria;p__Firmicutes;c__Clostridia;o__Oscillospirales;f__Ruminococcaceae;g__Faecalibacterium;s__	0.9969187097112855
9a91e2e1c9d7c179afb558a3fd4664fd	d__Bacteria;p__Firmicutes;c__Clostridia;o__Oscillospirales;f__Ruminococcaceae;g__Ruminococcus;s__	0.9993859841724184
58bd181f757283f5a4ceebdf90ff6243	d__Bacteria;p__Firmicutes;c__Clostridia;o__Lachnospirales;f__Lachnospiraceae;g__Sellimonas;s__	0.8934861264184754
26c6e3ed14694582e207478c1f23c21f	d__Bacteria;p__Firmicutes;c__Bacilli;o__Erysipelotrichales;f__Erysipelotrichaceae;g__Turicibacter;s__	0.9999971645395913
b621d4b3cca1ec89ceca12efca8a94fb	d__Bacteria;p__Firmicutes;c__Clostridia;o__Christensenellales;f__Christensenellaceae;g__Christensenellaceae_R-7_group;s__	0.999397159235566
596db8ce20ae5cbfdc338a62f1bed1d9	d__Bacteria;p__Firmicutes;c__Clostridia;o__Oscillospirales;f__Ruminococcaceae;g__Incertae_Sedis;s__	0.9381767623880425
ab4040fe8717efa3f115680ae82cd72a	d__Bacteria;p__Firmicutes;c__Clostridia;o__Lachnospirales;f__Lachnospiraceae;g__Roseburia;s__	0.7567922679571367
52542babaab908f877b2b207933390f4	d__Bacteria;p__Firmicutes;c__Clostridia;o__Oscillospirales;f__Ruminococcaceae;g__Ruminococcus;s__	0.9993607761890085
6c324279c1fc2965e594486ac26b0548	d__Bacteria;p__Firmicutes;c__Clostridia;o__Lachnospirales;f__Lachnospiraceae;g__Coprococcus;s__	0.9770142126737453
65990c74559e4adfaa672a884ad7d464	d__Bacteria;p__Firmicutes;c__Clostridia;o__Lachnospirales;f__Lachnospiraceae;g__Coprococcus;s__	0.9376379285840382
9e1f282914b07cd79711ce21e7cf4aff	d__Bacteria;p__Firmicutes;c__Clostridia;o__Lachnospirales;f__Lachnospiraceae;g__[Eubacterium]_eligens_group;s__	0.9987431783808306
d49783e7800974b5f2bcce554e26072e	d__Bacteria;p__Firmicutes;c__Clostridia;o__Lachnospirales;f__Lachnospiraceae;g__Blautia;s__	0.9449438288955578
e2cfe099d4a73a03ac5f80d4f8369dbc	d__Bacteria;p__Firmicutes;c__Clostridia;o__Oscillospirales;f__Oscillospiraceae;g__NK4A214_group;s__	0.9263937697698439
7d2402f1612fe6c2f5c20bfda4a90aa0	d__Bacteria;p__Firmicutes;c__Clostridia;o__Lachnospirales;f__Lachnospiraceae	0.9991833091794662
9484afed9f64641667938e294c07fe7c	d__Bacteria;p__Firmicutes;c__Clostridia;o__Lachnospirales;f__Lachnospiraceae	0.9997150092383484
f4cc6e4932f507b33d1335d801f54563	d__Bacteria;p__Firmicutes;c__Clostridia;o__Lachnospirales;f__Lachnospiraceae;g__Dorea;s__	0.902280727658855
ad139328ba8ac39c2e5ccef543df2deb	d__Bacteria;p__Firmicutes;c__Clostridia;o__Oscillospirales;f__Ruminococcaceae;g__Incertae_Sedis;s__	0.9965571527252292
a663a01aeb4dbb88bbe0a9840e8f64dc	d__Bacteria;p__Firmicutes;c__Bacilli;o__Erysipelotrichales;f__Erysipelatoclostridiaceae;g__Erysipelatoclostridium;s__	0.9995066998071228
2c982937754e6321f861027032db80f7	d__Bacteria;p__Bacteroidota;c__Bacteroidia;o__Bacteroidales;f__Bacteroidaceae;g__Bacteroides;s__	0.9999999741940545
8969bc2e58173c5b645d59c167584d71	d__Bacteria;p__Firmicutes;c__Clostridia;o__Oscillospirales;f__Ruminococcaceae;g__Subdoligranulum;s__	0.9991351139698014
824b9c5e131ccef5ab3286cfde31640c	d__Bacteria;p__Bacteroidota;c__Bacteroidia;o__Bacteroidales;f__Bacteroidaceae;g__Bacteroides;s__	0.9999996740648489
9acb555d3c5dd77e9035a661e7ad1bb6	d__Bacteria;p__Firmicutes;c__Clostridia;o__Clostridiales;f__Clostridiaceae;g__Clostridium_sensu_stricto_1;s__	0.9997281681406145
07f7487d471e0b5065f782774391388d	d__Bacteria;p__Firmicutes;c__Clostridia;o__Lachnospirales;f__Lachnospiraceae	0.9995772409498707
df16a09f3e448ddd3b1ec54066d3081d	d__Bacteria;p__Firmicutes;c__Clostridia;o__Oscillospirales;f__Butyricicoccaceae;g__Butyricicoccus;s__	0.999943725381047
a07dbd6b81597b810de81ac0ad6caf26	d__Bacteria;p__Firmicutes;c__Clostridia;o__Oscillospirales;f__Butyricicoccaceae;g__Butyricicoccus;s__	0.9612356140879659
91587a85e342f8dba27f54e15ac0ea77	d__Bacteria;p__Firmicutes;c__Clostridia;o__Lachnospirales;f__Lachnospiraceae;g__Tyzzerella;s__	0.9915651324857605
fb428d07d03e32be0b85eacbed10df0a	d__Bacteria;p__Firmicutes;c__Clostridia;o__Lachnospirales;f__Lachnospiraceae;g__Coprococcus;s__	0.978759264883424
6b5c5532185593c41966b2173ea9df1c	d__Bacteria;p__Firmicutes;c__Clostridia;o__Lachnospirales;f__Lachnospiraceae	0.9999115649359853
27f098662c8f87b4aaff903d9c0f28d3	d__Bacteria;p__Desulfobacterota;c__Desulfovibrionia;o__Desulfovibrionales;f__Desulfovibrionaceae;g__Bilophila;s__	0.999910833982863
1b5d50e4ae6a2cb153f3b2ca04699419	d__Bacteria;p__Firmicutes;c__Clostridia;o__Lachnospirales;f__Lachnospiraceae;g__[Eubacterium]_ventriosum_group;s__	0.9133900580521095
a0871318729fc2d9f6ae1be8b45fa952	d__Bacteria;p__Firmicutes;c__Bacilli;o__Erysipelotrichales;f__Erysipelatoclostridiaceae;g__Erysipelatoclostridium;s__	0.9992392210553354
5f8d35126b0a7321413d21487ec72b73	d__Bacteria;p__Firmicutes;c__Bacilli;o__Erysipelotrichales;f__Erysipelotrichaceae;g__[Clostridium]_innocuum_group;s__	0.9996409282879324
421cbd1d71d34704c6d53377261e213c	d__Bacteria;p__Firmicutes;c__Clostridia;o__Lachnospirales;f__Lachnospiraceae;g__[Eubacterium]_ventriosum_group;s__	0.8623499032172696
452d18b2725260f5f93490c7f6517f87	d__Bacteria;p__Bacteroidota;c__Bacteroidia;o__Bacteroidales;f__Barnesiellaceae;g__Barnesiella;s__	0.9999807345900402
aac0099991c8518a5268b1a19a84550b	d__Bacteria;p__Firmicutes;c__Clostridia;o__Lachnospirales;f__Lachnospiraceae;g__[Eubacterium]_hallii_group;s__	0.9999576451975266
29c0b831ad8278ee5185bfe79acc067e	d__Bacteria;p__Firmicutes;c__Clostridia;o__Clostridia_UCG-014;f__Clostridia_UCG-014;g__Clostridia_UCG-014;s__	0.999998441919337
42557ab6f47a863da56e0f4aee3ff984	d__Bacteria;p__Bacteroidota;c__Bacteroidia;o__Bacteroidales;f__Bacteroidaceae;g__Bacteroides;s__	0.9999999011300438
fbd67349783ebeacc69814257b694d56	d__Bacteria;p__Bacteroidota;c__Bacteroidia;o__Bacteroidales;f__Bacteroidaceae;g__Bacteroides;s__	0.999999877068213
f479c23321346918723839e33a3544f4	d__Bacteria;p__Firmicutes;c__Clostridia;o__Oscillospirales;f__Ruminococcaceae;g__UBA1819;s__	0.9911554481998704
7a3090aa682623800304aca0da51c22c	d__Bacteria;p__Firmicutes;c__Bacilli;o__Erysipelotrichales;f__Erysipelotrichaceae;g__Faecalitalea;s__	0.9999919457713481
923f521b9cf313f1f95c9367e09bbc1c	d__Bacteria;p__Firmicutes;c__Negativicutes;o__Veillonellales-Selenomonadales;f__Veillonellaceae;g__Veillonella;s__	0.9999702503327553
fee421dd182111e1d718ac10decab1e9	d__Bacteria;p__Bacteroidota;c__Bacteroidia;o__Bacteroidales;f__Rikenellaceae;g__Alistipes;s__	0.9994432764686358
208c0c43c7c5d4a6bb549e0c8365cd21	d__Bacteria;p__Firmicutes;c__Clostridia;o__Lachnospirales;f__Lachnospiraceae;g__[Eubacterium]_eligens_group;s__	0.9983064514808256
66063c3a2e5cc0fd8b0b301cdbb7c0ce	d__Bacteria;p__Firmicutes;c__Clostridia;o__Lachnospirales;f__Lachnospiraceae	0.9998985030736618
9f02839251e1419ee447381f263b14ed	d__Bacteria;p__Firmicutes;c__Clostridia;o__Lachnospirales;f__Lachnospiraceae;g__Blautia;s__	0.9375414084577796
b02730cf9bae7e7909769ae39b598b11	d__Bacteria;p__Firmicutes;c__Clostridia;o__Oscillospirales;f__Ruminococcaceae;g__Ruminococcus;s__	0.9951192467083871
5050bcdda95dede0595dc33c6d1ba0fc	d__Bacteria;p__Firmicutes;c__Clostridia;o__Oscillospirales;f__Ruminococcaceae;g__Incertae_Sedis;s__	0.92447095926187
2e81e4d1a54e1636af43e46fa332ab11	d__Bacteria;p__Firmicutes;c__Bacilli;o__Erysipelotrichales;f__Erysipelatoclostridiaceae	0.999986131863539
3704e8efdf08f0e95a1dbc4611310d30	d__Bacteria;p__Firmicutes;c__Clostridia;o__Clostridia_vadinBB60_group;f__Clostridia_vadinBB60_group;g__Clostridia_vadinBB60_group;s__	0.9957531388669232
149465e40c1bdbc6230588a58a4d6eb0	d__Bacteria;p__Firmicutes;c__Clostridia;o__Oscillospirales;f__Ruminococcaceae;g__Incertae_Sedis;s__	0.9915670878805289
675c847bccbc53942ebb7b8cbb4efc4d	d__Bacteria;p__Bacteroidota;c__Bacteroidia;o__Bacteroidales;f__Prevotellaceae;g__Prevotella_9;s__	0.999986347869207
0a035a7ec1f4a194dd7fbda3c5660db0	d__Bacteria;p__Firmicutes;c__Clostridia;o__Lachnospirales;f__Lachnospiraceae;g__Lachnoclostridium;s__	0.9228054725161904
bdb6ddef008a6d31c019642fb28d7c1d	d__Bacteria;p__Firmicutes;c__Clostridia;o__Oscillospirales;f__Oscillospiraceae;g__Colidextribacter;s__	0.9022554435148856
70745fa69950bfb64db28e3afff2b1e5	d__Bacteria;p__Firmicutes;c__Clostridia;o__Lachnospirales;f__Lachnospiraceae;g__Frisingicoccus;s__	0.9328852027832798
25bf7b31746631bbb8582ebe892fe837	d__Bacteria;p__Firmicutes;c__Clostridia;o__Clostridia_UCG-014;f__Clostridia_UCG-014;g__Clostridia_UCG-014;s__	0.9999988518906999
cb7c9a82654d3ef267e1738cb0fe5569	d__Bacteria;p__Firmicutes;c__Clostridia;o__Oscillospirales;f__Ruminococcaceae;g__Incertae_Sedis;s__	0.979897882634675
ae6a593f884242949fa459594b18f234	d__Bacteria;p__Firmicutes;c__Clostridia;o__Lachnospirales;f__Lachnospiraceae;g__[Ruminococcus]_torques_group;s__	0.8495621326851686
89e30ad460a63fca19dc5356163871b1	d__Bacteria;p__Firmicutes;c__Clostridia;o__Lachnospirales;f__Lachnospiraceae;g__Lachnoclostridium;s__	0.8267345967316659
cd9401a6bce4a63af516d06d2a843f9d	d__Bacteria;p__Firmicutes;c__Negativicutes;o__Veillonellales-Selenomonadales;f__Veillonellaceae;g__Veillonella;s__	0.9999488156566438
fc00ed40b15cd5fa384b672502a3adc3	d__Bacteria;p__Firmicutes;c__Clostridia;o__Lachnospirales;f__Lachnospiraceae	0.9997282286198341
97a604f0b7677461325e10432ce78290	d__Bacteria;p__Firmicutes;c__Clostridia;o__Oscillospirales;f__Ruminococcaceae	0.8019695101984741
a6d3beca765c1e2453b658614facf89f	d__Bacteria;p__Firmicutes;c__Clostridia;o__Oscillospirales;f__Ruminococcaceae;g__Ruminococcus;s__	0.9115970256350456
69b90707f6f3da7941026fbe6a1597ce	d__Bacteria;p__Firmicutes;c__Clostridia;o__Lachnospirales;f__Lachnospiraceae	0.9978722541453874
6326f3883ecfa02452ebaa3af9c5d84c	d__Bacteria;p__Firmicutes;c__Clostridia;o__Lachnospirales;f__Lachnospiraceae;g__Lachnospiraceae_NK4A136_group;s__	0.7722139435452523
4fba6fef450158c1bd1cbcb5a0e8f5e5	d__Bacteria;p__Bacteroidota;c__Bacteroidia;o__Bacteroidales;f__Prevotellaceae;g__Prevotella_9;s__	0.9999920713729269
3bac14d2805bf995afe9d316a5777b1e	d__Bacteria;p__Firmicutes;c__Bacilli;o__Lactobacillales;f__Lactobacillaceae;g__Lactobacillus;s__	0.999678606534473
350cd8e890b27c7fa7ec3a0d77dbaa9b	d__Bacteria;p__Firmicutes;c__Clostridia;o__Oscillospirales;f__Oscillospiraceae;g__Colidextribacter;s__	0.9509576923100309
73d9a139e017712e591ccbb4cb1ac896	d__Bacteria;p__Desulfobacterota;c__Desulfovibrionia;o__Desulfovibrionales;f__Desulfovibrionaceae;g__Bilophila;s__	0.9996308248350124
b452284fca181520c11d087351ff43df	d__Bacteria;p__Bacteroidota;c__Bacteroidia;o__Bacteroidales;f__Marinifilaceae;g__Butyricimonas;s__	0.9999999986140438
e220e84c750738e230e8ecfe97decc4c	d__Bacteria;p__Firmicutes;c__Clostridia;o__Lachnospirales;f__Lachnospiraceae	0.9995873493439773
11b7d5a0dd0446562be236a4a9144c75	d__Bacteria;p__Firmicutes;c__Clostridia;o__Oscillospirales;f__Oscillospiraceae;g__Colidextribacter;s__	0.9733199072406705
2c5e87b291147c04e1b8d1c808b1aee0	d__Bacteria;p__Actinobacteriota;c__Actinobacteria;o__Bifidobacteriales;f__Bifidobacteriaceae;g__Bifidobacterium;s__	0.9999999825948437
8d5153b41e59c5ffb5a1fc080eb784cf	d__Bacteria;p__Firmicutes;c__Clostridia;o__Oscillospirales;f__Oscillospiraceae	0.9782373048829744
e9f900358bb9297e10b9fbb1321b1e6e	d__Bacteria;p__Firmicutes;c__Bacilli;o__Erysipelotrichales;f__Erysipelatoclostridiaceae;g__Erysipelatoclostridium;s__	0.9978998000348902
31f567f59096ed2d57feecc6c3621a58	d__Bacteria;p__Bacteroidota;c__Bacteroidia;o__Bacteroidales;f__Porphyromonadaceae;g__Porphyromonas;s__	0.9959005860837115
504efe2f63f610a0f92e8cd040e2f916	d__Bacteria;p__Firmicutes;c__Clostridia;o__Oscillospirales;f__Ruminococcaceae;g__Negativibacillus;s__	0.999744058516176
edc9e5c16e40aff1eadce6597940f08f	d__Bacteria;p__Firmicutes;c__Bacilli;o__Lactobacillales;f__Streptococcaceae;g__Streptococcus;s__	0.9999956543789272
51d4f17b8dda9f7d972bf3dd0ecc4e59	d__Bacteria;p__Bacteroidota;c__Bacteroidia;o__Bacteroidales;f__Rikenellaceae;g__Alistipes;s__	0.9999996503844428
4876553b9fed8291dbf1c63b0ac0886a	d__Bacteria;p__Firmicutes;c__Clostridia;o__Clostridia_vadinBB60_group;f__Clostridia_vadinBB60_group;g__Clostridia_vadinBB60_group;s__	0.9960050134581944
e367dacc4cf58de7164775e5899d4ab2	d__Bacteria;p__Firmicutes;c__Clostridia;o__Oscillospirales;f__Ruminococcaceae;g__DTU089;s__	0.9985442883084168
4bd01f90398375480101204bbcdd2ceb	d__Bacteria;p__Firmicutes;c__Clostridia;o__Oscillospirales;f__Oscillospiraceae;g__UCG-005;s__	0.9069264160013111
cf315874f2a721ae340f6dbf4ec0c2d6	d__Bacteria;p__Firmicutes;c__Clostridia;o__Lachnospirales;f__Lachnospiraceae;g__Lachnospiraceae_UCG-010;s__	0.8637837238192189
da1d26d90a7443d34675778207d2c227	d__Bacteria;p__Firmicutes;c__Clostridia;o__Oscillospirales;f__Oscillospiraceae;g__Colidextribacter;s__	0.9461540649987193
56bde454092279f47b556883d5909620	d__Bacteria;p__Firmicutes;c__Bacilli;o__Lactobacillales;f__Streptococcaceae;g__Streptococcus;s__	0.9999977464076109
87c18e8ee3789954404f2c1a35079a09	d__Bacteria;p__Firmicutes;c__Clostridia;o__Lachnospirales;f__Lachnospiraceae;g__[Eubacterium]_hallii_group;s__	0.9999396214522736
05dbbf0301a9625e1f1a41470a92f7fe	d__Bacteria;p__Firmicutes;c__Clostridia;o__Lachnospirales;f__Lachnospiraceae;g__Anaerostipes;s__	0.9834602538703803
97d248a490046807a1b60920bd146ccd	d__Bacteria;p__Firmicutes;c__Clostridia;o__Lachnospirales;f__Lachnospiraceae	0.998781045297784
f0e5268a1e321cec6068b1576162b042	d__Bacteria;p__Firmicutes;c__Clostridia;o__Oscillospirales;f__Oscillospiraceae;g__Intestinimonas;s__	0.762815643929907
819fead4e4d502cb3dfe4df498fabc97	d__Bacteria;p__Firmicutes;c__Clostridia;o__Oscillospirales;f__Ruminococcaceae;g__[Eubacterium]_siraeum_group;s__	0.9989629674793493
c2da7cc0247443dccd2e3d6a62f7be45	d__Bacteria;p__Firmicutes;c__Clostridia;o__Oscillospirales;f__Oscillospiraceae;g__UCG-005;s__	0.8973000830078969
b2506d7e0328de8e0b8e68da4f7fad5e	d__Bacteria;p__Firmicutes;c__Clostridia;o__Oscillospirales;f__Oscillospiraceae	0.9952156966119512
195a6faf067d7e7afcefd42a76f1e1dc	d__Bacteria;p__Bacteroidota;c__Bacteroidia;o__Bacteroidales;f__Porphyromonadaceae;g__Porphyromonas;s__	0.9752243573433427
8365c56e7d1f57079c8821b426206d94	d__Bacteria;p__Campylobacterota;c__Campylobacteria;o__Campylobacterales;f__Campylobacteraceae;g__Campylobacter;s__	0.9992388115022832
3f9afe17105dd0c33bf41ce08824f362	d__Bacteria;p__Firmicutes;c__Clostridia;o__Oscillospirales;f__Butyricicoccaceae;g__Butyricicoccus;s__	0.997910644614152
9e701e82d552ee66d9007fa3883b6560	d__Bacteria;p__Cyanobacteria;c__Cyanobacteriia;o__Chloroplast;f__Chloroplast;g__Chloroplast;s__	0.9999943348820778
d11290f5a8d806b455f66a2c7ca1cad1	d__Bacteria;p__Firmicutes;c__Clostridia;o__Oscillospirales;f__Ruminococcaceae	0.9928441389382515
31ae90207edd94c7ec56db3a9778c2e7	d__Bacteria;p__Bacteroidota;c__Bacteroidia;o__Bacteroidales;f__Prevotellaceae	0.9449990697714363
8ca0b9917d926bb6241ce6e23673fce4	d__Bacteria;p__Firmicutes;c__Clostridia;o__Lachnospirales;f__Lachnospiraceae;g__Blautia;s__	0.9299723048940203
74a750b1f79b91c619bec39d4337123d	d__Bacteria;p__Firmicutes;c__Clostridia;o__Christensenellales;f__Christensenellaceae;g__uncultured;s__	0.9518665289303406
1a7a9d14747af9f14fcdabdef2549a77	d__Bacteria;p__Firmicutes;c__Clostridia;o__Oscillospirales;f__Oscillospiraceae;g__Colidextribacter;s__	0.8571063756601436
ab9899b443255cd34e51705c7b8ea201	d__Bacteria;p__Firmicutes;c__Clostridia;o__Lachnospirales;f__Lachnospiraceae	0.9958761029636902
52ca86ec48d4b050235dcfdea9cd5d39	d__Bacteria;p__Firmicutes;c__Clostridia;o__Oscillospirales;f__UCG-010;g__UCG-010;s__	0.9988453193086025
662a40a2523f7669fa865700fc74a1cf	d__Bacteria;p__Firmicutes;c__Clostridia;o__Lachnospirales;f__Lachnospiraceae	0.9989071469328573
b6ecd20f301035741915d6c32bda2410	d__Bacteria;p__Firmicutes;c__Negativicutes;o__Veillonellales-Selenomonadales;f__Veillonellaceae;g__Allisonella;s__	0.9640438085513784
880005af6ed906f0687f0a3f95a078d1	d__Bacteria;p__Firmicutes;c__Clostridia;o__Oscillospirales;f__Oscillospiraceae;g__UCG-002;s__	0.9998996955806776
0bae11e18b7d5b6f905fcb2cecf94bcf	d__Bacteria;p__Firmicutes;c__Clostridia;o__Clostridia_UCG-014;f__Clostridia_UCG-014;g__Clostridia_UCG-014;s__	0.999996486676072
629f41c0de31ba20f5d2b3f4c69e09c1	d__Bacteria;p__Actinobacteriota;c__Coriobacteriia;o__Coriobacteriales;f__Eggerthellaceae;g__Eggerthella;s__	0.9999958914569465
0a39f269a92286a2fc485a177298da7a	d__Bacteria;p__Firmicutes;c__Clostridia;o__Lachnospirales;f__Lachnospiraceae	0.9992499258615418
923fed1e3a5c67f886eb287b585a924a	d__Bacteria;p__Firmicutes;c__Clostridia;o__Lachnospirales;f__Lachnospiraceae;g__GCA-900066575;s__	0.9524006105286167
8b2c157a5eaacabbeb6d45b23bf9bae0	d__Bacteria;p__Firmicutes;c__Clostridia;o__Lachnospirales;f__Lachnospiraceae	0.9998343681619318
c53e42b981a64c89c69a5e6032bf49a2	d__Bacteria;p__Bacteroidota;c__Bacteroidia;o__Bacteroidales;f__Prevotellaceae	0.9771228851743368
4a1c5fb315646700069f4c358a196b9f	d__Bacteria;p__Firmicutes;c__Clostridia;o__Peptostreptococcales-Tissierellales;f__Anaerovoracaceae;g__Family_XIII_AD3011_group;s__	0.9746105371044926
d969ff7a11c25dc9b04c6eb48a6ec8c3	d__Bacteria;p__Firmicutes;c__Clostridia;o__Oscillospirales;f__[Eubacterium]_coprostanoligenes_group;g__[Eubacterium]_coprostanoligenes_group;s__	0.9984580992349719
eae880eaa9c99650e399d9b4eb5dd3b0	d__Bacteria;p__Firmicutes;c__Negativicutes;o__Veillonellales-Selenomonadales;f__Veillonellaceae;g__Veillonella;s__	0.9999574009683286
12f9203b937a20a91b08aab804b28cd9	d__Bacteria;p__Firmicutes;c__Clostridia;o__Lachnospirales;f__Lachnospiraceae;g__Blautia;s__	0.724391744632423
6482fff1008eebf65a1f72a1ec423794	d__Bacteria;p__Firmicutes;c__Clostridia;o__Oscillospirales;f__Ruminococcaceae	0.9857772308835746
6f980c6f3f2ffefd2013c721461cc1c6	d__Bacteria;p__Firmicutes;c__Bacilli;o__Erysipelotrichales;f__Erysipelotrichaceae;g__Holdemania;s__	0.9999989665316715
dd80e0a50520c9481217ccdf670781a6	d__Bacteria;p__Firmicutes;c__Clostridia;o__Lachnospirales;f__Lachnospiraceae;g__[Eubacterium]_hallii_group;s__	0.9999577672687215
6fe15c78022c1b27688de5f58f793db8	d__Bacteria;p__Firmicutes;c__Clostridia;o__Oscillospirales	0.9996467479544334
04645342dcaccc29b2078b063aec6f81	d__Bacteria;p__Bacteroidota;c__Bacteroidia;o__Bacteroidales;f__Prevotellaceae;g__Prevotella_9;s__	0.9999620343003789
8d703908c09c7cb0da2a4398dd74f9f8	d__Bacteria;p__Firmicutes;c__Clostridia;o__Peptostreptococcales-Tissierellales;f__Peptostreptococcaceae;g__Terrisporobacter;s__	0.9955636676329674
a62fa6e25e8805dafe5b628529c90023	d__Bacteria;p__Firmicutes;c__Clostridia;o__Oscillospirales;f__Ruminococcaceae;g__Ruminococcus;s__	0.9276614717257232
6dc1c117e5b653452301b0669a2d6be3	d__Bacteria;p__Firmicutes;c__Clostridia;o__Oscillospirales;f__Oscillospiraceae;g__UCG-005;s__	0.8936566711392205
4b86d0750adaa67a8d6abcbf640c4a69	d__Bacteria;p__Firmicutes;c__Clostridia;o__Oscillospirales;f__Ruminococcaceae;g__Ruminococcus;s__	0.9281310127356077
74d519816d4cfb9cf4ec9605f76301d6	d__Bacteria;p__Firmicutes;c__Clostridia;o__Peptostreptococcales-Tissierellales;f__Anaerovoracaceae;g__Family_XIII_UCG-001;s__	0.9227290672070949
94a78de372f84ee85becee23876e82c9	d__Bacteria;p__Firmicutes;c__Clostridia;o__Lachnospirales;f__Lachnospiraceae;g__Lachnospiraceae_UCG-010;s__	0.9937274304383997
d3d534445d0bb40952a98cbb9d055a3f	d__Bacteria;p__Firmicutes;c__Clostridia;o__Lachnospirales;f__Lachnospiraceae	0.9993498266927351
d20b46e3c9d79a8e49a48f112fc03d4f	d__Bacteria;p__Firmicutes;c__Clostridia;o__Peptostreptococcales-Tissierellales;f__Peptostreptococcaceae;g__Romboutsia;s__	0.9999309108936595
d622c6bc1d5e3a4f0403d7d208981372	d__Bacteria;p__Firmicutes;c__Clostridia;o__Lachnospirales;f__Lachnospiraceae	0.999868859181687
ba64f4fa502258a89d2b7468af3cbb28	d__Bacteria;p__Firmicutes;c__Bacilli;o__Erysipelotrichales;f__Erysipelatoclostridiaceae;g__Candidatus_Stoquefichus;s__	0.9797847767179584
52573485a4521e007e4c5217fc5d7c68	d__Bacteria;p__Firmicutes;c__Clostridia;o__Lachnospirales;f__Lachnospiraceae;g__Lachnospiraceae_UCG-010;s__	0.9772047810941168
d8a42db5c61062f2a7b11fcdf03a65d5	d__Bacteria;p__Firmicutes;c__Clostridia;o__Lachnospirales;f__Lachnospiraceae;g__Blautia;s__	0.7255355245892102
8af94e431832ea5ca7e2d2ddc5769fb8	d__Bacteria;p__Bacteroidota;c__Bacteroidia;o__Bacteroidales;f__Porphyromonadaceae;g__Porphyromonas;s__	0.9572629558576121
7b25fe2a8e4d57a05ef403d1d0e831e2	d__Bacteria;p__Firmicutes;c__Clostridia;o__Oscillospirales;f__Oscillospiraceae;g__Intestinimonas;s__	0.7316430342870612
9904009a0e14e24b0a6e25eeeeff3e95	d__Bacteria;p__Firmicutes;c__Clostridia;o__Oscillospirales;f__Oscillospiraceae;g__Colidextribacter;s__	0.9496878738184391
08f685988f6c3b24f935b5d61ca08717	d__Bacteria;p__Firmicutes;c__Clostridia;o__Peptostreptococcales-Tissierellales;f__Anaerovoracaceae;g__Family_XIII_AD3011_group;s__	0.74222629932212
b76fb65897eec48dec94d23d66c0f8f0	d__Bacteria;p__Firmicutes;c__Clostridia;o__Oscillospirales;f__Oscillospiraceae;g__UCG-005;s__	0.8000159730271459
51ea85f428a5daaaf348c94671af386e	d__Bacteria;p__Firmicutes;c__Bacilli;o__Erysipelotrichales;f__Erysipelatoclostridiaceae;g__Erysipelatoclostridium;s__	0.8143969906567915
70ba7f010c09d57ed2362bd06da989eb	d__Bacteria;p__Firmicutes;c__Bacilli;o__Erysipelotrichales;f__Erysipelatoclostridiaceae;g__Erysipelatoclostridium;s__	0.9959919589159005
c5ed5baac8c4ff452a1e65a58e880bfa	d__Bacteria;p__Firmicutes;c__Clostridia;o__Oscillospirales;f__Ruminococcaceae;g__Incertae_Sedis;s__	0.816772614465284
78500a9f64f33ec04e40892a3f534176	d__Bacteria;p__Firmicutes;c__Clostridia;o__Lachnospirales;f__Lachnospiraceae;g__Lachnospiraceae_UCG-010;s__	0.9981768915435447
052ed87a5bce8789c20b59effda065d6	d__Bacteria;p__Firmicutes;c__Clostridia;o__Peptostreptococcales-Tissierellales;f__Family_XI;g__Fenollaria;s__	0.9999993675466224
85c44c83eddc5d3028261a1000b7d0e1	d__Bacteria;p__Firmicutes;c__Bacilli;o__Staphylococcales;f__Gemellaceae;g__Gemella;s__	0.9999272113658629
75c5626f1cc9cc471664aeca0515774e	d__Bacteria;p__Firmicutes;c__Clostridia;o__Lachnospirales;f__Lachnospiraceae;g__Lachnospiraceae_UCG-010;s__	0.8145608931317774
0372a90d04e57eeca4304312037fe7b9	d__Bacteria;p__Firmicutes;c__Clostridia;o__Peptostreptococcales-Tissierellales;f__Anaerovoracaceae;g__Family_XIII_AD3011_group;s__	0.735946455596834
9b12ea14bff8a37dc1d39b36b5b904d6	d__Bacteria;p__Firmicutes;c__Clostridia;o__Peptostreptococcales-Tissierellales;f__Anaerovoracaceae;g__Family_XIII_AD3011_group;s__	0.9405309065682911
5bfe8c313046cb71dbc498219d543bf7	d__Bacteria;p__Firmicutes;c__Clostridia	0.9993830772453445
d114fb4c335125128be28401522dd41a	d__Bacteria;p__Firmicutes;c__Bacilli;o__Lactobacillales;f__Streptococcaceae;g__Lactococcus;s__	0.9998943110142565
99e433a3ce4d5290445f668df2c9147e	d__Bacteria;p__Proteobacteria;c__Gammaproteobacteria;o__Pseudomonadales;f__Pseudomonadaceae;g__Pseudomonas;s__	0.9999981736941713
33bf5fcdf5e06053cf8e5bc0928ee071	d__Bacteria;p__Campylobacterota;c__Campylobacteria;o__Campylobacterales;f__Campylobacteraceae;g__Campylobacter;s__	0.999999951219395
221d6d56dbb07fc0f2b49b80ec1dde00	d__Bacteria;p__Firmicutes;c__Clostridia;o__Oscillospirales;f__Ruminococcaceae;g__Ruminococcus;s__	0.937670768046715
8effa37e19e0c9b187eb440d9cf2797d	d__Bacteria;p__Bacteroidota;c__Bacteroidia;o__Bacteroidales;f__Tannerellaceae;g__Parabacteroides;s__	0.9843944101082427
